Name,Business Value,Specialty Popularity,Attention Heat,Predicted Heat,Carrying Capacity,V Index,Weibo fans(w),Weibo hypertalk(w),Group friend,Classes,Genders
1,86.92 ,66.40 ,86.05 ,74.02 ,89.41 ,97.00 ,3152.60 ,11000.00 ,68000.00 ,1.00 ,1.00 
2,87.37 ,87.38 ,80.83 ,83.32 ,89.39 ,93.11 ,4018.00 ,1770.00 ,47000.00 ,1.00 ,1.00 
3,87.84 ,80.19 ,81.35 ,92.46 ,86.39 ,89.61 ,6093.00 ,976.00 ,1791.00 ,1.00 ,0.00 
4,85.76 ,75.04 ,82.60 ,84.89 ,79.19 ,96.67 ,2023.60 ,175.00 ,3095.00 ,1.00 ,0.00 
5,82.40 ,69.82 ,76.17 ,92.44 ,79.38 ,87.63 ,2596.60 ,236.00 ,4872.00 ,2.00 ,1.00 
6,85.74 ,72.72 ,78.35 ,94.84 ,87.66 ,93.75 ,2402.60 ,293.00 ,2949.00 ,1.00 ,0.00 
7,83.23 ,74.91 ,79.41 ,75.78 ,85.08 ,92.31 ,8976.90 ,2337.00 ,2871.00 ,1.00 ,1.00 
8,85.07 ,68.24 ,76.14 ,97.80 ,88.54 ,89.31 ,2003.90 ,923.00 ,3490.00 ,1.00 ,1.00 
9,83.08 ,74.53 ,80.14 ,70.83 ,86.42 ,88.42 ,7873.40 ,1380.00 ,19000.00 ,1.00 ,0.00 
10,83.53 ,75.43 ,78.35 ,84.15 ,82.50 ,74.33 ,9042.50 ,559.00 ,20000.00 ,1.00 ,0.00 
11,85.51 ,77.57 ,81.36 ,82.83 ,82.92 ,84.94 ,11200.00 ,458.00 ,11000.00 ,1.00 ,0.00 
12,84.03 ,77.14 ,77.69 ,81.91 ,89.41 ,92.02 ,2120.50 ,305.00 ,2102.00 ,1.00 ,0.00 
13,80.90 ,72.33 ,72.33 ,93.18 ,82.43 ,87.63 ,2233.00 ,183.00 ,3067.00 ,1.00 ,1.00 
14,79.68 ,81.72 ,78.29 ,50.26 ,88.02 ,88.46 ,8242.70 ,2199.00 ,28000.00 ,2.00 ,1.00 
15,83.60 ,69.82 ,82.01 ,67.38 ,88.81 ,95.04 ,1832.80 ,449.00 ,2909.00 ,1.00 ,1.00 
16,61.60 ,28.74 ,72.20 ,5.12 ,78.03 ,59.06 ,813.60 ,42.50 ,799.00 ,3.00 ,1.00 
17,81.80 ,71.52 ,80.70 ,65.70 ,83.18 ,90.24 ,842.50 ,210.00 ,3451.00 ,2.00 ,1.00 
18,79.18 ,57.37 ,78.47 ,70.26 ,80.37 ,96.81 ,2775.60 ,563.00 ,3037.00 ,1.00 ,1.00 
19,79.89 ,78.33 ,76.72 ,59.45 ,88.63 ,90.10 ,5073.50 ,1099.00 ,6942.00 ,1.00 ,1.00 
20,79.27 ,67.55 ,74.20 ,77.82 ,83.68 ,87.73 ,1196.10 ,246.00 ,2963.00 ,1.00 ,1.00 
21,78.58 ,80.23 ,74.96 ,62.31 ,83.30 ,82.46 ,3467.80 ,145.00 ,3668.00 ,1.00 ,0.00 
22,75.74 ,63.86 ,70.98 ,77.27 ,77.15 ,85.44 ,364.80 ,5.70 ,563.00 ,1.00 ,0.00 
23,80.00 ,75.54 ,77.28 ,62.27 ,86.17 ,92.16 ,2352.30 ,1043.00 ,7950.00 ,1.00 ,1.00 
24,81.35 ,76.67 ,79.13 ,61.71 ,87.14 ,94.00 ,2501.40 ,1202.00 ,66000.00 ,1.00 ,1.00 
25,78.93 ,66.43 ,73.72 ,85.62 ,76.36 ,81.07 ,1513.00 ,70.60 ,2028.00 ,1.00 ,1.00 
26,77.64 ,74.26 ,75.14 ,64.79 ,78.06 ,84.76 ,1641.90 ,22.80 ,6248.00 ,1.00 ,0.00 
27,75.83 ,71.40 ,73.51 ,62.68 ,77.15 ,92.36 ,515.10 ,23.40 ,275.00 ,1.00 ,0.00 
28,80.56 ,69.55 ,79.81 ,59.70 ,86.19 ,87.26 ,2135.90 ,1669.00 ,52000.00 ,1.00 ,1.00 
29,78.48 ,59.86 ,76.35 ,64.07 ,88.90 ,95.35 ,8420.60 ,3791.00 ,25000.00 ,2.00 ,1.00 
30,73.33 ,57.09 ,72.83 ,54.61 ,81.52 ,77.44 ,3050.00 ,17.50 ,1491.00 ,1.00 ,0.00 
31,81.14 ,78.67 ,72.85 ,94.22 ,77.13 ,93.40 ,10500.00 ,454.00 ,9793.00 ,1.00 ,0.00 
32,79.60 ,68.82 ,81.03 ,51.11 ,84.28 ,89.68 ,7118.80 ,146.00 ,4408.00 ,1.00 ,0.00 
33,75.21 ,67.62 ,73.70 ,67.30 ,70.34 ,90.35 ,713.60 ,6.90 ,1870.00 ,1.00 ,0.00 
34,78.10 ,72.84 ,72.25 ,77.46 ,80.88 ,85.69 ,1286.30 ,23.10 ,4607.00 ,1.00 ,0.00 
35,75.78 ,67.07 ,71.70 ,74.03 ,75.61 ,80.97 ,2034.40 ,257.00 ,5330.00 ,1.00 ,1.00 
36,80.43 ,53.21 ,77.54 ,86.30 ,78.74 ,93.28 ,1734.80 ,1285.00 ,42000.00 ,2.00 ,1.00 
37,71.86 ,72.92 ,75.49 ,22.06 ,83.59 ,89.65 ,3062.60 ,3497.00 ,33000.00 ,1.00 ,1.00 
38,79.68 ,79.48 ,72.89 ,84.75 ,76.63 ,82.32 ,1578.60 ,23.20 ,9280.00 ,1.00 ,0.00 
39,75.47 ,73.66 ,69.42 ,72.24 ,80.16 ,79.11 ,3979.40 ,7.70 ,1069.00 ,1.00 ,0.00 
40,78.77 ,72.96 ,75.35 ,65.06 ,85.03 ,87.40 ,3543.50 ,150.00 ,8308.00 ,1.00 ,1.00 
41,76.93 ,69.10 ,71.39 ,76.77 ,80.07 ,84.74 ,4004.30 ,338.00 ,20000.00 ,1.00 ,1.00 
42,65.73 ,73.37 ,69.28 ,28.62 ,62.72 ,74.78 ,1500.00 ,10.20 ,4660.00 ,1.00 ,1.00 
43,74.94 ,81.63 ,68.47 ,80.33 ,66.91 ,73.46 ,1593.80 ,6.00 ,3976.00 ,1.00 ,1.00 
44,76.36 ,72.28 ,77.95 ,36.37 ,88.46 ,79.00 ,3776.80 ,928.00 ,18000.00 ,2.00 ,1.00 
45,75.00 ,76.66 ,75.87 ,50.76 ,70.84 ,70.94 ,651.40 ,10.80 ,1449.00 ,1.00 ,1.00 
46,73.17 ,68.27 ,67.68 ,84.99 ,63.37 ,80.60 ,2227.80 ,10.60 ,238.00 ,1.00 ,0.00 
47,77.53 ,73.22 ,71.46 ,73.64 ,84.00 ,84.56 ,2732.30 ,39.60 ,5798.00 ,1.00 ,1.00 
48,77.42 ,63.71 ,71.08 ,86.49 ,78.30 ,84.57 ,1624.60 ,15.10 ,148.00 ,1.00 ,0.00 
49,71.32 ,58.88 ,69.87 ,61.49 ,72.60 ,83.74 ,2452.40 ,15.50 ,4887.00 ,1.00 ,0.00 
50,77.36 ,82.84 ,71.76 ,77.74 ,71.14 ,82.22 ,6069.50 ,23.80 ,132.00 ,1.00 ,1.00 
51,77.46 ,53.29 ,77.37 ,64.82 ,81.98 ,93.04 ,2634.20 ,1130.00 ,25000.00 ,1.00 ,0.00 
52,75.84 ,75.61 ,80.96 ,20.38 ,86.94 ,95.29 ,3823.70 ,2828.00 ,105000.00 ,2.00 ,1.00 
53,75.38 ,57.53 ,72.69 ,70.78 ,78.52 ,84.71 ,560.80 ,26.80 ,1200.00 ,1.00 ,1.00 
54,68.17 ,79.62 ,68.49 ,28.08 ,77.72 ,57.62 ,1542.70 ,23.60 ,181.00 ,1.00 ,0.00 
55,78.10 ,71.18 ,75.43 ,69.52 ,77.16 ,86.76 ,2669.00 ,56.00 ,3752.00 ,1.00 ,0.00 
56,75.22 ,66.09 ,69.63 ,81.57 ,73.47 ,83.76 ,1318.90 ,2.60 ,1472.00 ,1.00 ,0.00 
57,76.20 ,70.74 ,76.06 ,70.04 ,62.38 ,87.29 ,2408.70 ,23.80 ,4076.00 ,1.00 ,1.00 
58,72.20 ,80.68 ,69.27 ,66.96 ,60.57 ,74.16 ,4391.80 ,122.00 ,18000.00 ,1.00 ,0.00 
59,74.84 ,65.98 ,72.08 ,60.70 ,82.17 ,88.23 ,4905.80 ,175.00 ,5906.00 ,2.00 ,0.00 
60,74.57 ,72.55 ,77.85 ,29.05 ,84.64 ,89.90 ,5690.80 ,724.00 ,20000.00 ,1.00 ,1.00 
61,69.68 ,63.97 ,75.62 ,15.22 ,82.05 ,73.14 ,6297.50 ,1248.00 ,4311.00 ,2.00 ,1.00 
62,71.24 ,58.59 ,71.71 ,56.03 ,70.41 ,85.46 ,562.50 ,27.60 ,695.00 ,1.00 ,0.00 
63,68.97 ,61.06 ,65.98 ,71.47 ,61.81 ,75.74 ,871.10 ,47.20 ,2645.00 ,1.00 ,1.00 
64,62.45 ,19.32 ,76.66 ,4.86 ,72.16 ,78.87 ,185.30 ,45.40 ,43.00 ,3.00 ,0.00 
65,46.99 ,16.40 ,59.10 ,3.34 ,47.68 ,,103.60 ,,,3.00 ,1.00 
66,62.08 ,20.28 ,73.11 ,23.65 ,64.54 ,,,,,3.00 ,1.00 
67,60.90 ,55.76 ,68.57 ,24.86 ,50.38 ,75.85 ,231.20 ,5.80 ,3269.00 ,3.00 ,0.00 
68,58.83 ,47.94 ,67.91 ,3.27 ,66.68 ,72.59 ,1036.90 ,4.10 ,9006.00 ,3.00 ,1.00 
69,58.74 ,56.03 ,65.01 ,5.36 ,70.22 ,,525.80 ,9.20 ,6357.00 ,3.00 ,1.00 
70,58.31 ,56.77 ,70.87 ,11.27 ,37.64 ,,164.40 ,,68.00 ,3.00 ,1.00 
71,58.05 ,12.77 ,70.96 ,5.85 ,70.37 ,64.38 ,77.70 ,3.30 ,445.00 ,3.00 ,1.00 
72,57.69 ,30.68 ,63.07 ,29.57 ,64.00 ,62.48 ,334.20 ,6.40 ,2510.00 ,3.00 ,1.00 
73,57.30 ,32.34 ,68.22 ,3.28 ,66.06 ,,1566.30 ,5.70 ,1072.00 ,3.00 ,1.00 
74,56.97 ,21.68 ,70.13 ,1.82 ,64.92 ,52.20 ,180.20 ,10.00 ,441.00 ,3.00 ,0.00 
75,56.17 ,32.04 ,71.32 ,6.55 ,43.48 ,60.87 ,653.80 ,8.30 ,515.00 ,3.00 ,0.00 
76,56.04 ,18.02 ,71.97 ,5.14 ,50.82 ,58.52 ,93.40 ,16.40 ,345.00 ,3.00 ,1.00 
77,55.37 ,21.35 ,66.95 ,3.05 ,66.48 ,74.27 ,175.70 ,3.70 ,146.00 ,3.00 ,1.00 
78,55.15 ,33.12 ,64.71 ,7.19 ,62.05 ,,990.40 ,0.59 ,3015.00 ,3.00 ,0.00 
79,54.31 ,43.63 ,63.59 ,23.20 ,38.19 ,70.49 ,350.50 ,0.54 ,573.00 ,3.00 ,0.00 
80,54.19 ,57.36 ,58.48 ,3.09 ,68.80 ,74.39 ,493.10 ,1.00 ,468.00 ,3.00 ,1.00 
81,53.92 ,48.87 ,57.16 ,19.97 ,61.17 ,59.35 ,635.40 ,17.60 ,810.00 ,3.00 ,1.00 
82,53.79 ,15.62 ,65.25 ,5.05 ,65.06 ,59.27 ,125.90 ,20.20 ,106.00 ,3.00 ,1.00 
83,53.78 ,53.94 ,63.04 ,3.34 ,49.96 ,67.40 ,521.80 ,0.61 ,95.00 ,3.00 ,1.00 
84,53.53 ,26.24 ,63.83 ,23.07 ,43.95 ,,320.70 ,1.20 ,773.00 ,3.00 ,1.00 
85,53.21 ,20.00 ,70.70 ,3.25 ,38.45 ,52.97 ,39.50 ,18.70 ,57.00 ,3.00 ,0.00 
86,53.05 ,18.82 ,63.04 ,4.30 ,67.84 ,70.28 ,552.20 ,0.60 ,868.00 ,3.00 ,1.00 
87,53.03 ,19.24 ,71.35 ,3.21 ,35.25 ,,101.50 ,0.00 ,,3.00 ,1.00 
88,53.01 ,17.06 ,65.06 ,6.58 ,58.38 ,75.87 ,536.70 ,4.40 ,979.00 ,3.00 ,1.00 
89,52.78 ,23.89 ,66.23 ,3.09 ,51.14 ,,,,,3.00 ,1.00 
90,52.45 ,25.47 ,61.39 ,3.15 ,67.31 ,77.21 ,747.90 ,6.80 ,6930.00 ,3.00 ,1.00 
91,52.29 ,58.71 ,56.01 ,7.29 ,61.25 ,75.39 ,2090.90 ,0.62 ,1285.00 ,3.00 ,1.00 
92,52.26 ,24.05 ,62.99 ,6.09 ,57.74 ,,49.90 ,0.13 ,,3.00 ,0.00 
93,52.15 ,16.90 ,64.58 ,2.61 ,57.84 ,,64.90 ,0.34 ,390.00 ,3.00 ,0.00 
94,51.54 ,9.54 ,68.22 ,1.82 ,46.19 ,,,,272.00 ,3.00 ,0.00 
95,51.24 ,26.89 ,62.19 ,9.39 ,49.26 ,,2140.30 ,,272.00 ,3.00 ,0.00 
96,50.90 ,15.43 ,63.67 ,6.32 ,51.86 ,80.77 ,342.30 ,0.43 ,1281.00 ,3.00 ,1.00 
97,50.87 ,34.88 ,56.43 ,15.75 ,58.26 ,,397.90 ,0.01 ,,3.00 ,0.00 
98,50.85 ,35.79 ,63.23 ,2.55 ,43.52 ,,437.30 ,27.30 ,,3.00 ,0.00 
99,50.71 ,22.44 ,59.39 ,1.82 ,67.65 ,53.14 ,547.60 ,10.80 ,488.00 ,3.00 ,1.00 
100,50.47 ,17.17 ,60.70 ,2.61 ,63.62 ,,141.30 ,,,3.00 ,0.00 
101,50.34 ,20.47 ,60.30 ,7.15 ,57.61 ,50.37 ,199.70 ,2.00 ,133.00 ,3.00 ,1.00 
102,50.33 ,14.01 ,63.66 ,2.26 ,53.34 ,56.54 ,631.60 ,0.01 ,656.00 ,3.00 ,1.00 
103,49.96 ,11.66 ,62.53 ,10.07 ,49.26 ,,,,,3.00 ,1.00 
104,49.81 ,12.60 ,64.33 ,4.60 ,45.94 ,,58.60 ,0.00 ,,3.00 ,1.00 
105,49.74 ,14.29 ,63.24 ,4.85 ,48.46 ,75.77 ,87.70 ,0.37 ,321.00 ,3.00 ,1.00 
106,49.65 ,20.94 ,58.81 ,4.70 ,61.34 ,76.79 ,248.60 ,18.70 ,644.00 ,3.00 ,0.00 
107,49.36 ,20.23 ,57.40 ,6.22 ,65.83 ,70.20 ,455.60 ,2.70 ,276.00 ,3.00 ,1.00 
108,49.59 ,11.86 ,63.26 ,2.08 ,51.81 ,,,,,3.00 ,1.00 
109,49.58 ,19.25 ,61.45 ,3.21 ,52.93 ,74.48 ,101.40 ,1.30 ,2731.00 ,3.00 ,0.00 
110,49.35 ,24.65 ,62.37 ,4.34 ,43.14 ,,111.90 ,0.56 ,3008.00 ,3.00 ,1.00 
111,49.26 ,39.02 ,52.60 ,13.87 ,62.47 ,66.19 ,1323.60 ,0.04 ,432.00 ,3.00 ,1.00 
112,49.09 ,19.70 ,61.02 ,2.84 ,51.63 ,,270.90 ,0.10 ,535.00 ,3.00 ,1.00 
113,49.05 ,16.04 ,60.86 ,1.82 ,55.47 ,65.71 ,785.00 ,0.04 ,878.00 ,3.00 ,1.00 
114,49.04 ,16.99 ,57.34 ,4.55 ,66.16 ,,237.30 ,,,3.00 ,1.00 
115,48.90 ,17.54 ,66.06 ,4.92 ,29.60 ,70.92 ,106.70 ,7.10 ,790.00 ,3.00 ,0.00 
116,48.86 ,13.15 ,64.18 ,1.82 ,42.93 ,,147.80 ,1.70 ,,3.00 ,1.00 
117,48.71 ,13.96 ,58.86 ,4.66 ,59.88 ,69.66 ,47.70 ,0.56 ,98.00 ,3.00 ,1.00 
118,48.71 ,12.16 ,64.22 ,2.08 ,42.22 ,,,,,3.00 ,1.00 
119,48.57 ,22.98 ,60.21 ,1.82 ,50.42 ,,303.50 ,15.40 ,,3.00 ,0.00 
120,48.55 ,14.58 ,61.59 ,4.69 ,47.51 ,,135.10 ,0.68 ,1174.00 ,3.00 ,1.00 
121,48.31 ,31.54 ,54.92 ,4.30 ,61.69 ,,469.20 ,0.86 ,1382.00 ,3.00 ,1.00 
122,48.23 ,13.41 ,58.59 ,5.23 ,57.68 ,,227.80 ,0.16 ,,3.00 ,1.00 
123,48.19 ,28.93 ,56.90 ,3.14 ,55.96 ,64.70 ,555.90 ,0.00 ,422.00 ,3.00 ,0.00 
124,48.09 ,12.73 ,66.49 ,1.82 ,29.07 ,,,,,3.00 ,1.00 
125,48.07 ,17.38 ,60.32 ,3.25 ,49.06 ,59.18 ,45.90 ,0.15 ,212.00 ,3.00 ,0.00 
126,48.04 ,20.61 ,56.84 ,1.82 ,62.13 ,,273.30 ,3.20 ,,3.00 ,0.00 
127,47.89 ,14.91 ,58.70 ,1.82 ,57.51 ,51.13 ,48.10 ,0.17 ,56.00 ,3.00 ,0.00 
128,47.86 ,19.05 ,60.70 ,2.96 ,45.44 ,,528.70 ,1.80 ,,3.00 ,1.00 
129,47.85 ,11.80 ,67.21 ,3.60 ,23.49 ,51.19 ,137.10 ,0.01 ,22.00 ,3.00 ,0.00 
130,47.73 ,12.75 ,57.24 ,3.69 ,61.88 ,,75.40 ,0.39 ,,3.00 ,1.00 
131,47.70 ,19.02 ,60.70 ,3.81 ,43.57 ,53.19 ,78.80 ,9.10 ,381.00 ,3.00 ,1.00 
132,47.62 ,17.29 ,56.55 ,5.40 ,59.22 ,76.85 ,83.50 ,1.90 ,401.00 ,3.00 ,0.00 
133,47.52 ,12.65 ,60.69 ,3.58 ,46.97 ,72.63 ,135.10 ,,,3.00 ,0.00 
134,47.46 ,12.77 ,58.82 ,3.78 ,53.79 ,,11.80 ,4.00 ,,3.00 ,1.00 
135,47.42 ,9.60 ,61.05 ,1.82 ,48.69 ,64.26 ,33.70 ,0.07 ,76.00 ,3.00 ,1.00 
136,47.41 ,12.82 ,60.82 ,4.72 ,44.46 ,54.86 ,84.60 ,0.44 ,98.00 ,3.00 ,1.00 
137,47.40 ,5.11 ,62.70 ,1.82 ,44.91 ,,1.30 ,,,3.00 ,0.00 
138,47.36 ,11.88 ,58.04 ,3.54 ,57.09 ,54.99 ,17.50 ,0.10 ,107.00 ,3.00 ,0.00 
139,47.32 ,36.12 ,57.02 ,3.15 ,45.13 ,,265.10 ,0.49 ,,3.00 ,1.00 
140,47.32 ,36.12 ,57.02 ,3.15 ,45.13 ,,,,,3.00 ,1.00 
141,47.24 ,14.18 ,58.40 ,5.03 ,51.85 ,67.37 ,276.00 ,0.08 ,49.00 ,3.00 ,1.00 
142,47.16 ,6.59 ,68.94 ,1.82 ,17.46 ,,,,,3.00 ,0.00 
143,47.06 ,13.59 ,63.14 ,2.08 ,35.12 ,,,,,3.00 ,0.00 
144,75.66 ,79.24 ,68.62 ,91.32 ,61.74 ,75.74 ,4226.50 ,4.20 ,1078.00 ,1.00 ,1.00 
145,75.64 ,59.91 ,73.24 ,69.22 ,78.16 ,83.71 ,1925.30 ,131.00 ,11000.00 ,2.00 ,0.00 
146,75.55 ,61.45 ,75.51 ,49.15 ,87.49 ,92.66 ,4802.80 ,148.00 ,3565.00 ,1.00 ,1.00 
147,75.52 ,67.76 ,72.84 ,68.15 ,74.81 ,82.97 ,529.00 ,1.30 ,1793.00 ,1.00 ,0.00 
148,75.50 ,66.11 ,69.50 ,85.19 ,72.07 ,79.32 ,987.20 ,45.00 ,2569.00 ,1.00 ,1.00 
149,75.49 ,80.62 ,66.48 ,97.81 ,61.83 ,47.08 ,3942.00 ,2.90 ,766.00 ,1.00 ,1.00 
150,75.35 ,72.95 ,70.01 ,73.95 ,75.75 ,87.97 ,2472.30 ,112.00 ,1950.00 ,1.00 ,0.00 
151,75.32 ,53.20 ,70.97 ,79.47 ,79.39 ,78.24 ,2442.10 ,131.00 ,3271.00 ,2.00 ,0.00 
152,75.00 ,67.83 ,74.28 ,56.93 ,76.93 ,76.88 ,1098.60 ,6.70 ,1163.00 ,1.00 ,0.00 
153,74.88 ,67.28 ,71.26 ,76.66 ,68.89 ,79.14 ,1192.00 ,25.00 ,5122.00 ,1.00 ,1.00 
154,74.74 ,62.56 ,72.97 ,67.56 ,73.38 ,81.97 ,2482.10 ,3.40 ,1419.00 ,1.00 ,0.00 
155,74.61 ,86.96 ,73.89 ,63.97 ,56.24 ,80.13 ,5544.50 ,6.10 ,3452.00 ,1.00 ,1.00 
156,74.46 ,63.70 ,80.36 ,32.13 ,76.75 ,94.43 ,8147.00 ,187.00 ,2614.00 ,2.00 ,1.00 
157,74.31 ,62.48 ,76.59 ,59.52 ,64.28 ,88.74 ,5616.30 ,264.00 ,17000.00 ,2.00 ,1.00 
158,74.08 ,72.65 ,66.36 ,80.87 ,75.61 ,73.89 ,735.70 ,19.30 ,2413.00 ,1.00 ,0.00 
159,74.06 ,65.10 ,69.37 ,72.83 ,76.50 ,80.68 ,797.70 ,3.60 ,1254.00 ,1.00 ,0.00 
160,73.99 ,73.94 ,67.17 ,74.89 ,76.89 ,86.17 ,2428.00 ,21.30 ,4694.00 ,1.00 ,1.00 
161,73.89 ,59.55 ,77.76 ,37.45 ,80.97 ,93.98 ,2173.50 ,3085.00 ,1.50 ,2.00 ,1.00 
162,73.82 ,31.95 ,78.23 ,56.96 ,77.55 ,64.87 ,3439.20 ,171.00 ,4390.00 ,1.00 ,0.00 
163,73.81 ,83.83 ,67.60 ,75.29 ,67.05 ,79.47 ,5309.30 ,23.20 ,1157.00 ,1.00 ,1.00 
164,73.77 ,82.82 ,69.66 ,72.94 ,61.60 ,81.60 ,1307.10 ,10.80 ,5781.00 ,1.00 ,1.00 
165,73.75 ,74.64 ,64.24 ,90.77 ,70.78 ,50.83 ,1085.20 ,23.70 ,3735.00 ,1.00 ,1.00 
166,73.74 ,67.76 ,71.84 ,57.21 ,78.44 ,86.75 ,2517.10 ,229.00 ,1.10 ,2.00 ,1.00 
167,73.70 ,53.75 ,76.55 ,67.81 ,58.06 ,67.71 ,2634.40 ,19.50 ,1298.00 ,1.00 ,0.00 
168,73.60 ,62.32 ,72.76 ,78.91 ,55.81 ,84.50 ,2549.20 ,23.20 ,7072.00 ,1.00 ,1.00 
169,73.40 ,58.40 ,75.40 ,50.33 ,75.14 ,92.14 ,1416.60 ,15.10 ,1179.00 ,1.00 ,0.00 
170,73.33 ,62.21 ,68.73 ,73.24 ,75.95 ,79.75 ,1011.80 ,4.80 ,862.00 ,1.00 ,0.00 
171,73.01 ,52.87 ,69.57 ,75.43 ,74.60 ,80.31 ,1080.00 ,39.00 ,4380.00 ,1.00 ,1.00 
172,73.00 ,70.96 ,66.97 ,80.19 ,68.12 ,68.70 ,484.60 ,3.30 ,3782.00 ,1.00 ,0.00 
173,72.88 ,85.03 ,70.05 ,72.47 ,53.37 ,81.40 ,4574.10 ,12.60 ,3397.00 ,1.00 ,1.00 
174,72.69 ,74.70 ,73.32 ,68.78 ,49.65 ,,,,,1.00 ,1.00 
175,72.67 ,67.58 ,69.73 ,60.51 ,76.96 ,58.94 ,2375.90 ,134.00 ,13000.00 ,2.00 ,1.00 
176,72.62 ,65.99 ,77.12 ,25.66 ,82.99 ,91.37 ,2365.70 ,923.00 ,16000.00 ,2.00 ,0.00 
177,72.52 ,69.64 ,69.71 ,62.72 ,72.48 ,86.15 ,7242.00 ,173.00 ,2909.00 ,1.00 ,1.00 
178,72.43 ,83.62 ,73.66 ,54.55 ,54.95 ,51.85 ,11900.00 ,14.40 ,7964.00 ,1.00 ,1.00 
179,72.41 ,71.59 ,66.08 ,70.07 ,77.63 ,84.95 ,3201.10 ,129.00 ,1253.00 ,1.00 ,1.00 
180,72.33 ,54.77 ,69.73 ,79.44 ,64.36 ,55.70 ,547.40 ,11.30 ,848.00 ,1.00 ,1.00 
181,72.17 ,72.14 ,74.81 ,45.28 ,65.64 ,57.73 ,1720.80 ,6.30 ,6.30 ,1.00 ,0.00 
182,69.30 ,62.56 ,63.97 ,69.69 ,72.76 ,74.57 ,1330.50 ,13.10 ,734.00 ,1.00 ,0.00 
183,69.29 ,74.21 ,68.73 ,52.27 ,63.26 ,80.05 ,4816.80 ,10.10 ,1256.00 ,1.00 ,0.00 
184,69.23 ,61.81 ,69.79 ,54.68 ,64.49 ,52.72 ,1945.40 ,6.50 ,1831.00 ,1.00 ,0.00 
185,69.17 ,31.32 ,71.58 ,57.86 ,74.09 ,80.55 ,2198.90 ,13.10 ,1185.00 ,1.00 ,0.00 
186,69.09 ,72.04 ,68.04 ,66.73 ,51.76 ,66.32 ,365.80 ,1.60 ,554.00 ,1.00 ,1.00 
187,69.08 ,55.41 ,71.43 ,39.61 ,76.33 ,85.54 ,877.50 ,26.50 ,6012.00 ,2.00 ,1.00 
188,69.03 ,62.13 ,67.84 ,53.39 ,72.15 ,81.62 ,2432.40 ,14.60 ,2124.00 ,1.00 ,0.00 
189,68.98 ,67.25 ,63.96 ,78.59 ,58.73 ,46.23 ,1051.30 ,1.60 ,1257.00 ,1.00 ,1.00 
190,68.87 ,58.49 ,67.86 ,56.25 ,70.58 ,84.03 ,727.30 ,10.10 ,4687.00 ,2.00 ,1.00 
191,68.77 ,75.27 ,64.50 ,77.14 ,51.35 ,56.14 ,2537.90 ,6.70 ,1990.00 ,1.00 ,1.00 
192,70.67 ,74.77 ,72.39 ,32.45 ,76.85 ,56.71 ,1455.40 ,4.10 ,8517.00 ,1.00 ,1.00 
193,70.39 ,53.10 ,68.08 ,78.65 ,60.57 ,83.52 ,947.20 ,25.60 ,2807.00 ,1.00 ,1.00 
194,70.34 ,73.05 ,70.75 ,55.96 ,58.93 ,76.64 ,4490.50 ,1.90 ,2435.00 ,1.00 ,0.00 
195,70.31 ,64.72 ,64.20 ,75.48 ,71.00 ,73.72 ,1326.50 ,10.30 ,1983.00 ,1.00 ,0.00 
196,70.28 ,63.52 ,70.52 ,55.87 ,65.92 ,77.45 ,918.90 ,17.20 ,3500.00 ,1.00 ,1.00 
197,70.23 ,54.26 ,72.05 ,42.51 ,78.99 ,77.74 ,7688.50 ,86.40 ,898.00 ,1.00 ,0.00 
198,69.96 ,75.56 ,70.76 ,62.40 ,48.37 ,64.28 ,5311.40 ,35.90 ,6100.00 ,1.00 ,1.00 
199,69.60 ,65.85 ,69.52 ,47.90 ,73.91 ,79.57 ,1241.20 ,40.40 ,4320.00 ,1.00 ,1.00 
200,69.70 ,63.91 ,67.17 ,77.93 ,53.30 ,73.17 ,6654.40 ,209.00 ,9437.00 ,2.00 ,1.00 
201,69.30 ,67.79 ,69.40 ,51.59 ,65.65 ,78.72 ,940.90 ,7.10 ,9666.00 ,1.00 ,1.00 
202,71.61 ,62.11 ,70.05 ,63.08 ,70.00 ,82.92 ,2037.30 ,9.60 ,2624.00 ,1.00 ,0.00 
203,71.17 ,58.30 ,74.83 ,32.05 ,81.05 ,86.74 ,1175.70 ,97.30 ,1810.00 ,1.00 ,1.00 
204,71.08 ,67.95 ,72.98 ,42.49 ,71.56 ,78.94 ,1168.30 ,7.30 ,3689.00 ,2.00 ,0.00 
205,71.04 ,52.99 ,74.84 ,51.46 ,64.89 ,67.05 ,802.40 ,1.00 ,323.00 ,1.00 ,0.00 
206,71.01 ,63.70 ,62.44 ,87.99 ,87.99 ,78.40 ,1609.30 ,32.00 ,3661.00 ,1.00 ,1.00 
207,70.98 ,64.60 ,67.43 ,65.23 ,72.68 ,73.34 ,2147.30 ,5.70 ,1264.00 ,1.00 ,0.00 
208,70.96 ,24.19 ,72.93 ,74.38 ,68.34 ,82.92 ,1057.10 ,9.20 ,985.00 ,1.00 ,0.00 
209,70.75 ,64.74 ,69.78 ,57.09 ,69.85 ,82.88 ,1849.50 ,28.00 ,3385.00 ,1.00 ,1.00 
210,70.73 ,63.07 ,68.32 ,70.89 ,62.86 ,76.74 ,650.90 ,8.80 ,986.00 ,1.00 ,0.00 
211,70.68 ,79.15 ,71.70 ,43.08 ,66.09 ,77.06 ,3119.90 ,43.90 ,4049.00 ,2.00 ,1.00 
212,72.16 ,73.39 ,70.67 ,63.84 ,62.74 ,,4256.20 ,6.10 ,,1.00 ,0.00 
213,72.12 ,67.48 ,71.75 ,46.19 ,79.70 ,85.68 ,654.60 ,35.70 ,2114.00 ,2.00 ,0.00 
214,71.63 ,68.82 ,68.68 ,75.62 ,58.54 ,74.16 ,1324.70 ,8.80 ,4959.00 ,1.00 ,1.00 
215,66.26 ,51.57 ,66.33 ,52.45 ,68.57 ,57.74 ,600.50 ,7.90 ,977.00 ,1.00 ,0.00 
216,66.12 ,69.46 ,64.89 ,61.79 ,52.19 ,72.71 ,1541.60 ,5.70 ,3070.00 ,1.00 ,1.00 
217,66.11 ,46.83 ,65.26 ,54.70 ,72.82 ,81.79 ,1755.30 ,15.80 ,1976.00 ,1.00 ,0.00 
218,65.89 ,30.24 ,71.81 ,60.02 ,50.95 ,,,,,1.00 ,0.00 
219,65.68 ,50.68 ,69.68 ,41.89 ,62.64 ,79.85 ,4062.00 ,1.10 ,3124.00 ,1.00 ,0.00 
220,65.61 ,56.74 ,62.47 ,50.05 ,78.78 ,77.43 ,2722.70 ,219.00 ,1778.00 ,2.00 ,0.00 
221,65.55 ,78.30 ,62.09 ,58.48 ,57.17 ,69.11 ,921.00 ,4.30 ,832.00 ,1.00 ,0.00 
222,65.55 ,61.22 ,65.86 ,52.95 ,58.97 ,79.03 ,1505.60 ,25.60 ,2727.00 ,1.00 ,1.00 
223,65.53 ,78.06 ,69.81 ,26.58 ,58.21 ,64.63 ,1414.20 ,0.66 ,389.00 ,1.00 ,0.00 
224,65.35 ,69.06 ,67.28 ,22.16 ,77.61 ,59.07 ,739.70 ,23.70 ,2324.00 ,2.00 ,0.00 
225,67.13 ,30.55 ,67.62 ,62.81 ,68.32 ,77.41 ,1381.80 ,51.00 ,9827.00 ,1.00 ,1.00 
226,66.98 ,64.65 ,63.13 ,54.14 ,72.05 ,76.64 ,1478.00 ,4.90 ,4655.00 ,1.00 ,1.00 
227,66.92 ,78.04 ,71.51 ,24.09 ,62.71 ,76.20 ,2212.50 ,4.80 ,1655.00 ,2.00 ,0.00 
228,66.77 ,57.90 ,62.13 ,70.90 ,65.92 ,55.91 ,1664.10 ,2.80 ,74.00 ,1.00 ,0.00 
229,66.69 ,62.01 ,72.75 ,44.28 ,46.79 ,12.28 ,2886.70 ,3.40 ,430.00 ,1.00 ,0.00 
230,66.60 ,67.05 ,69.49 ,30.08 ,70.12 ,80.41 ,6347.80 ,122.40 ,1556.00 ,1.00 ,1.00 
231,66.59 ,64.18 ,66.68 ,50.57 ,62.74 ,79.95 ,1041.30 ,3.60 ,765.00 ,1.00 ,0.00 
232,66.46 ,30.55 ,67.62 ,62.81 ,68.32 ,77.54 ,372.20 ,2.40 ,609.00 ,1.00 ,0.00 
233,66.44 ,64.65 ,63.13 ,54.14 ,72.05 ,81.14 ,1757.50 ,3.50 ,1206.00 ,1.00 ,0.00 
234,66.30 ,46.58 ,62.34 ,70.67 ,69.84 ,68.79 ,1341.60 ,1.30 ,681.00 ,1.00 ,0.00 
235,68.73 ,51.10 ,65.86 ,63.71 ,75.20 ,83.47 ,2073.60 ,23.60 ,4576.00 ,1.00 ,0.00 
236,68.17 ,58.62 ,65.10 ,54.41 ,78.93 ,79.64 ,1497.50 ,13.30 ,4435.00 ,1.00 ,0.00 
237,68.16 ,57.91 ,68.93 ,42.27 ,76.19 ,88.72 ,1628.30 ,136.00 ,2109.00 ,2.00 ,0.00 
238,68.07 ,57.60 ,67.87 ,50.49 ,71.80 ,76.19 ,3345.20 ,2.00 ,554.00 ,1.00 ,0.00 
239,67.99 ,76.62 ,63.93 ,53.43 ,71.41 ,76.79 ,471.00 ,4.20 ,456.00 ,1.00 ,0.00 
240,67.89 ,75.59 ,65.35 ,68.91 ,50.33 ,66.41 ,1272.30 ,1.50 ,508.00 ,1.00 ,0.00 
241,67.89 ,63.61 ,62.88 ,70.44 ,66.65 ,55.00 ,2035.00 ,39.50 ,403.00 ,1.00 ,1.00 
242,67.82 ,44.56 ,68.81 ,69.88 ,55.79 ,43.75 ,270.90 ,0.32 ,3914.00 ,1.00 ,0.00 
243,67.78 ,68.77 ,69.10 ,34.22 ,73.88 ,80.46 ,2118.10 ,11.30 ,2857.00 ,1.00 ,0.00 
244,67.71 ,41.90 ,65.13 ,74.07 ,67.38 ,77.54 ,985.60 ,10.40 ,962.00 ,1.00 ,0.00 
245,69.98 ,62.38 ,71.20 ,44.95 ,72.96 ,87.73 ,1325.70 ,29.00 ,2596.00 ,1.00 ,0.00 
246,69.58 ,71.32 ,71.63 ,50.47 ,57.25 ,75.73 ,6732.20 ,10.90 ,4350.00 ,1.00 ,1.00 
247,64.83 ,72.08 ,57.97 ,76.25 ,55.45 ,,,,,1.00 ,0.00 
248,64.75 ,64.43 ,71.21 ,10.51 ,72.84 ,78.51 ,1964.20 ,20.00 ,2922.00 ,2.00 ,0.00 
249,64.75 ,62.99 ,60.87 ,54.76 ,70.83 ,81.31 ,1211.20 ,2.20 ,1039.00 ,1.00 ,0.00 
250,64.74 ,62.11 ,61.18 ,61.69 ,63.26 ,82.18 ,641.90 ,2.30 ,1303.00 ,1.00 ,0.00 
251,64.70 ,64.51 ,64.76 ,47.52 ,61.25 ,74.65 ,1308.50 ,0.74 ,255.00 ,1.00 ,0.00 
252,64.62 ,64.26 ,59.82 ,57.36 ,70.78 ,73.33 ,933.00 ,1.60 ,203.00 ,1.00 ,0.00 
253,64.54 ,62.88 ,65.87 ,48.10 ,56.30 ,65.17 ,929.00 ,2.10 ,2577.00 ,1.00 ,0.00 
254,64.26 ,57.66 ,60.99 ,53.73 ,71.88 ,76.59 ,1555.40 ,3.90 ,589.00 ,1.00 ,0.00 
255,64.22 ,62.85 ,59.65 ,52.19 ,75.07 ,74.31 ,1307.20 ,5.40 ,1004.00 ,1.00 ,0.00 
256,64.21 ,68.00 ,61.08 ,52.14 ,65.87 ,79.52 ,1647.40 ,11.50 ,635.00 ,1.00 ,0.00 
257,65.16 ,60.05 ,63.44 ,49.60 ,70.28 ,65.39 ,1010.00 ,2.00 ,383.00 ,2.00 ,0.00 
258,65.08 ,62.85 ,64.71 ,40.18 ,72.24 ,76.41 ,565.20 ,5.90 ,1517.00 ,2.00 ,0.00 
259,65.06 ,49.62 ,67.32 ,40.24 ,70.53 ,89.46 ,2458.60 ,6.20 ,5007.00 ,2.00 ,0.00 
260,65.02 ,54.67 ,58.15 ,75.38 ,68.39 ,78.09 ,1134.30 ,4.10 ,2934.00 ,1.00 ,0.00 
261,65.01 ,61.43 ,65.92 ,42.01 ,66.12 ,73.45 ,2037.30 ,0.78 ,4310.00 ,1.00 ,0.00 
262,64.98 ,44.08 ,66.95 ,39.90 ,75.45 ,79.71 ,1136.00 ,4.90 ,909.00 ,1.00 ,0.00 
263,64.97 ,51.38 ,64.22 ,47.40 ,73.98 ,72.54 ,858.40 ,0.69 ,3781.00 ,1.00 ,0.00 
264,66.59 ,64.18 ,66.68 ,50.57 ,62.74 ,79.95 ,1041.30 ,3.60 ,765.00 ,1.00 ,0.00 
265,68.10 ,59.49 ,66.22 ,97.80 ,24.28 ,62.15 ,185.20 ,0.13 ,828.00 ,1.00 ,1.00 
266,71.26 ,58.72 ,73.54 ,40.21 ,78.92 ,83.15 ,1907.70 ,65.80 ,2474.00 ,2.00 ,1.00 
267,71.25 ,69.19 ,71.27 ,45.82 ,75.35 ,68.75 ,1240.60 ,9.70 ,3548.00 ,2.00 ,1.00 
268,71.09 ,37.24 ,77.84 ,48.03 ,67.13 ,,350.30 ,,8245.00 ,2.00 ,1.00 
269,70.68 ,79.15 ,71.70 ,43.08 ,66.09 ,77.06 ,3119.90 ,43.90 ,4049.00 ,2.00 ,1.00 
270,69.73 ,54.17 ,72.08 ,45.97 ,72.34 ,76.60 ,1201.20 ,30.40 ,1809.00 ,2.00 ,1.00 
271,69.19 ,56.76 ,68.66 ,49.49 ,77.34 ,75.78 ,900.10 ,14.20 ,1547.00 ,2.00 ,0.00 
272,69.16 ,47.25 ,76.82 ,23.87 ,76.49 ,94.63 ,1554.00 ,1615.00 ,7915.00 ,2.00 ,1.00 
273,69.04 ,52.34 ,69.68 ,54.62 ,70.12 ,64.53 ,1164.50 ,59.90 ,14000.00 ,2.00 ,1.00 
274,68.98 ,23.73 ,80.20 ,22.43 ,78.95 ,93.33 ,93.33 ,2105.00 ,10000.00 ,2.00 ,1.00 
275,68.94 ,54.24 ,75.41 ,20.26 ,79.69 ,91.76 ,2060.70 ,2544.00 ,6640.00 ,2.00 ,1.00 
276,68.79 ,47.78 ,69.14 ,57.31 ,70.99 ,85.71 ,2031.90 ,94.60 ,925.00 ,2.00 ,1.00 
277,68.48 ,38.95 ,76.40 ,26.20 ,77.02 ,91.49 ,1563.20 ,1062.00 ,8003.00 ,2.00 ,1.00 
278,68.48 ,45.90 ,67.52 ,55.88 ,78.23 ,82.31 ,939.80 ,109.00 ,6064.00 ,2.00 ,0.00 
279,68.34 ,73.00 ,66.13 ,52.90 ,67.82 ,84.26 ,1223.20 ,34.40 ,3218.00 ,2.00 ,1.00 
280,68.27 ,70.05 ,67.82 ,48.47 ,67.01 ,56.70 ,2501.30 ,173.00 ,4678.00 ,2.00 ,1.00 
281,68.26 ,56.81 ,65.92 ,65.35 ,66.50 ,79.09 ,2056.00 ,47.80 ,2489.00 ,2.00 ,1.00 
282,68.20 ,62.62 ,73.67 ,14.42 ,82.14 ,65.60 ,3076.00 ,155.00 ,9874.00 ,2.00 ,1.00 
283,68.09 ,63.14 ,73.48 ,19.97 ,76.33 ,90.77 ,765.60 ,16.70 ,610.00 ,2.00 ,0.00 
284,68.06 ,64.93 ,71.67 ,27.70 ,74.45 ,87.61 ,727.20 ,22.40 ,5913.00 ,2.00 ,1.00 
285,67.30 ,58.13 ,66.84 ,63.95 ,57.21 ,64.44 ,1333.20 ,3.00 ,2109.00 ,1.00 ,1.00 
286,67.03 ,60.35 ,67.19 ,43.11 ,73.50 ,73.88 ,3265.90 ,24.10 ,727.00 ,2.00 ,1.00 
287,66.85 ,60.31 ,68.64 ,45.82 ,63.83 ,76.19 ,1015.00 ,7.70 ,2604.00 ,2.00 ,0.00 
288,66.77 ,75.68 ,75.79 ,21.01 ,49.28 ,62.64 ,3117.00 ,3.10 ,3549.00 ,1.00 ,1.00 
289,66.75 ,69.49 ,60.57 ,55.63 ,79.56 ,74.42 ,1523.50 ,131.00 ,8420.00 ,2.00 ,1.00 
290,66.71 ,53.01 ,70.07 ,61.13 ,46.79 ,14.29 ,3904.70 ,64.90 ,3311.00 ,2.00 ,1.00 
291,66.64 ,40.66 ,69.22 ,37.36 ,81.78 ,78.89 ,341.40 ,334.00 ,3248.00 ,2.00 ,1.00 
292,66.52 ,63.93 ,65.91 ,48.49 ,67.64 ,59.41 ,2808.60 ,27.70 ,2286.00 ,2.00 ,1.00 
293,66.29 ,68.21 ,67.23 ,51.62 ,54.92 ,77.92 ,1649.70 ,3.00 ,827.00 ,2.00 ,1.00 
294,66.07 ,41.95 ,63.49 ,63.17 ,74.42 ,56.93 ,1246.70 ,83.90 ,5945.00 ,2.00 ,0.00 
295,66.03 ,68.92 ,64.20 ,54.98 ,61.50 ,65.07 ,1267.30 ,6.00 ,515.00 ,2.00 ,1.00 
296,66.01 ,59.83 ,68.54 ,29.74 ,75.34 ,86.68 ,2038.80 ,289.00 ,2.40 ,2.00 ,1.00 
297,65.86 ,85.28 ,64.65 ,38.99 ,63.70 ,52.86 ,2844.10 ,5.10 ,3714.00 ,2.00 ,1.00 
298,65.33 ,63.54 ,68.99 ,15.99 ,80.47 ,86.37 ,3456.00 ,86.50 ,2984.00 ,2.00 ,0.00 
299,65.32 ,59.87 ,69.81 ,13.57 ,81.98 ,63.74 ,1039.10 ,126.00 ,746.00 ,2.00 ,1.00 
300,64.83 ,64.87 ,60.62 ,51.92 ,74.01 ,81.16 ,1223.80 ,48.50 ,1133.00 ,2.00 ,1.00 
301,64.72 ,69.87 ,66.47 ,27.44 ,71.00 ,81.48 ,1055.20 ,12.20 ,3161.00 ,2.00 ,1.00 
302,64.56 ,53.32 ,67.10 ,35.33 ,70.61 ,73.35 ,978.70 ,0.95 ,4105.00 ,2.00 ,1.00 
303,64.49 ,49.82 ,66.15 ,41.58 ,70.05 ,58.05 ,1010.10 ,122.00 ,4718.00 ,2.00 ,0.00 
304,64.39 ,61.28 ,69.71 ,27.21 ,61.92 ,78.12 ,2352.80 ,20.50 ,9008.00 ,2.00 ,1.00 
305,64.21 ,49.84 ,69.83 ,26.85 ,68.26 ,83.27 ,362.10 ,7.40 ,5299.00 ,2.00 ,1.00 
306,64.16 ,29.94 ,67.37 ,52.16 ,65.76 ,76.26 ,2843.00 ,8.80 ,3236.00 ,2.00 ,1.00 
307,64.01 ,58.00 ,65.78 ,53.08 ,51.53 ,,29.60 ,,326.00 ,2.00 ,1.00 
308,64.01 ,65.19 ,63.33 ,37.43 ,72.21 ,77.48 ,1778.60 ,49.30 ,6275.00 ,2.00 ,1.00 
309,63.92 ,64.10 ,55.52 ,81.17 ,59.83 ,,1158.20 ,1.80 ,,2.00 ,1.00 
